Michigan State,Michigan St.,Michigan State,Michigan State,Michigan State,Michigan State
Villanova,Villanova,Villanova,Villanova,Villanova,Villanova
Virginia,Virginia,UVA,Virginia,Virginia,Virginia
Kansas,Kansas,Kansas,Kansas,Kansas,Kansas
North Carolina,North Carolina,UNC,North Carolina,North Carolina,North Carolina
Oklahoma,Oklahoma,Oklahoma,Oklahoma,Oklahoma,Oklahoma
Louisville,Louisville,Louisville,Louisville,,Louisville
Wichita St,Wichita St.,Wichita State,Wichita State,Wichita State,Wichita St
West Virginia,West Virginia,West Virginia,West Virginia,West Virginia,West Virginia
Kentucky,Kentucky,Kentucky,Kentucky,Kentucky,Kentucky
Duke,Duke,Duke,Duke,Duke,Duke
Xavier,Xavier,Xavier,Xavier-Ohio,Xavier,Xavier
Miami,Miami FL,Miami,Miami-Florida,Miami (FLA.),Miami (FL)
Iowa,Iowa,Iowa,Iowa,Iowa,Iowa
Indiana,Indiana,Indiana,Indiana,Indiana,Indiana
Arizona,Arizona,Arizona,Arizona,Arizona,Arizona
Iowa State,Iowa St.,Iowa State,Iowa State,Iowa State,Iowa State
Purdue,Purdue,Purdue,Purdue,Purdue,Purdue
Oregon,Oregon,Oregon,Oregon,Oregon,Oregon
Maryland,Maryland,Maryland,Maryland,Maryland,Maryland
SMU,SMU,SMU,SMU,,SMU
Vanderbilt,Vanderbilt,Vanderbilt,Vanderbilt,Vanderbilt,Vanderbilt
UConn,Connecticut,UConn,Connecticut,Connecticut,Connecticut
Utah,Utah,Utah,Utah,Utah,Utah
Texas A&M,Texas A&M,Texas A&M,Texas A&M,Texas A&M,Texas A&M
Texas,Texas,Texas,Texas,Texas,Texas
Cal,California,Cal,California,California,California
Baylor,Baylor,Baylor,Baylor,Baylor,Baylor
Cincinnati,Cincinnati,Cincinnati,Cincinnati,Cincinnati,Cincinnati
Wisconsin,Wisconsin,Wisconsin,Wisconsin,Wisconsin,Wisconsin
Valparaiso,Valparaiso,Valparaiso,Valparaiso,Valparaiso,Valparaiso
Gonzaga,Gonzaga,Gonzaga,Gonzaga,Gonzaga,Gonzaga
Seton Hall,Seton Hall,Seton Hall,Seton Hall,Seton Hall,
Notre Dame,Notre Dame,Notre Dame,Notre Dame,Notre Dame,Notre Dame
Saint Joseph's,Saint Joseph's,Saint Joe's,Saint Joseph's-Pa.,St. Joseph's,
Saint Mary's,Saint Mary's,Saint Mary's,Saint Mary's-Cal.,St. Mary's (CA),
Texas Tech,Texas Tech,Texas Tech,Texas Tech,Texas Tech,
Butler,Butler,Butler,Butler,Butler,Butler
VCU,VCU,VCU,VCU(Va. Commonwealth),Virginia Commonwealth,
Tulsa,Tulsa,Tulsa,Tulsa,Tulsa,Tulsa
AR Little Rock,Arkansas Little Rock,AR-Little Rock,Little Rock,Arkansas-Little Rock,
Syracuse,Syracuse,Syracuse,Syracuse,Syracuse,
Florida,Florida,Florida,Florida,Florida,
Michigan,Michigan,Michigan,Michigan,Michigan,Michigan
Florida State,Florida St.,FSU,Florida State,Florida State,Florida State
USC,USC,USC,Southern California,USC,
Pitt,Pittsburgh,Pitt,Pittsburgh,Pittsburgh,
Kansas State,Kansas St.,Kansas State,Kansas State,,
Creighton,Creighton,Creighton,Creighton,,
Clemson,Clemson,Clemson,Clemson,,
Yale,Yale,Yale,Yale,Yale,Yale
South Carolina,South Carolina,South Carolina,South Carolina,South Carolina,
UCLA,UCLA,UCLA,UCLA,,UCLA
Princeton,Princeton,Princeton,Princeton,Princeton,
Dayton,Dayton,Dayton,Dayton,Dayton,Dayton
Providence,Providence,Providence,Providence,Providence,Providence
San Diego State,San Diego St.,San Diego State,San Diego State,San Diego State,San Diego State
BYU,BYU,BYU,BYU,BYU,BYU
SF Austin,Stephen F. Austin,SF Austin,Stephen F. Austin,Stephen F. Austin,Stephen F. Austin
Oregon State,Oregon St.,Oregon State,Oregon State,Oregon State,
Houston,Houston,Houston,Houston,Houston,
Georgia Tech,Georgia Tech,Georgia Tech,Georgia Tech,Georgia Tech,
Monmouth,Monmouth,Monmouth,Monmouth-NJ,Monmouth,
Colorado,Colorado,Colorado,Colorado,Colorado,
Washington,Washington,Washington,Washington,,
NC State,North Carolina St.,NC State,NC State,,NC State
Arkansas,Arkansas,Arkansas,Arkansas,,
Ohio State,Ohio St.,OSU,Ohio State,,Ohio State
South Dakota St,South Dakota St.,South Dakota St,South Dakota State,South Dakota State,
Hawaii,Hawaii,Hawaii,Hawai'i,Hawaii,
Mississippi St,Mississippi St.,Miss St,Mississippi State,,
G Washington,George Washington,G Washington,George Washington,George Washington,
Georgetown,Georgetown,Georgetown,Georgetown,,Georgetown
LSU,LSU,LSU,LSU,,LSU
Stony Brook,Stony Brook,Stony Brook,Stony Brook-NY,Stony Brook,
JMU,James Madison,JMU,James Madison,James Madison,
UNC Wilmington,UNC Wilmington,UNC Wilmington,NC Wilmington,NC-Wilmington,
Stanford,Stanford,Stanford,Stanford,,
Hofstra,Hofstra,Hofstra,Hofstra,Hofstra,
Georgia,Georgia,Georgia,Georgia,,
Alabama,Alabama,Alabama,Alabama,Alabama,
St Bonaventure,St. Bonaventure,St Bonaventure,St. Bonaventure,St. Bonaventure,
URI,Rhode Island,URI,Rhode Island,,Rhode Island
Northwestern,Northwestern,Northwestern,Northwestern,,
Iona,Iona,Iona,Iona,Iona,Iona
Akron,Akron,Akron,Akron,Akron,
Ole Miss,Mississippi,Ole Miss,Mississippi,,
Northern Iowa,Northern Iowa,Northern Iowa,Northern Iowa,Northern Iowa,
Evansville,Evansville,Evansville,Evansville,,
Oakland,Oakland,Oakland,Oakland-Mich.,Oakland,
Arizona State,Arizona St.,Arizona State,Arizona State,,
Temple,Temple,Temple,Temple,Temple,
Oklahoma State,Oklahoma St.,Oklahoma State,Oklahoma State,,Oklahoma State
Boise State,Boise St.,Boise State,Boise State,,Boise State
UT Arlington,UT Arlington,UT-Arlington,Texas-Arlington,,
Marquette,Marquette,Marquette,Marquette,Marquette,Marquette
Nebraska,Nebraska,Nebraska,Nebraska,,
William & Mary,William & Mary,William & Mary,William & Mary,William & Mary,
Virginia Tech,Virginia Tech,Virginia Tech,Virginia Tech,,
Richmond,Richmond,Richmond,Richmond,,
UC Irvine,UC Irvine,UC Irvine,UC Irvine,UC Irvine,UC Irvine
Columbia,Columbia,Columbia,Columbia,,
Long Beach St,Long Beach St.,LBSU,Long Beach State,,
Albany,Albany,Albany,Albany-NY,,
UCSB,UC Santa Barbara,UCSB,UC Santa Barbara,,
Chattanooga,Chattanooga,Chattanooga,Chattanooga,Chattanooga,
CSU Bakersfield,Cal St. Bakersfield,CSU Bakersfield,CS Bakersfield,CSU Bakersfield,
Siena,Siena,Siena,Siena,,
Tennessee,Tennessee,Tennessee,Tennessee,,
Davidson,Davidson,Davidson,Davidson,,Davidson
Memphis,Memphis,Memphis,Memphis,,
Milwaukee,Milwaukee,Milwaukee,Milwaukee,,
LA Lafayette,Louisiana Lafayette,LA-Lafayette,Louisiana-Lafayette,,
Illinois State,Illinois St.,Illinois State,Illinois State,,
UAB,UAB,UAB,UAB,UAB,
UNLV,UNLV,UNLV,UNLV,UNLV,
New Mexico St,New Mexico St.,New Mexico St,New Mexico State,New Mexico State,
Charleston,College of Charleston,Charleston,College of Charleston,,
Toledo,Toledo,Toledo,Toledo,,
UL Monroe,Louisiana Monroe,UL Monroe,Louisiana-Monroe,,
New Mexico,New Mexico,New Mexico,New Mexico,,
Belmont,Belmont,Belmont,Belmont,Belmont,Belmont
Grand Canyon,Grand Canyon,Grand Canyon,Grand Canyon,,
Fresno State,Fresno St.,Fresno State,Fresno State,,
Ohio,Ohio,Ohio,Ohio,,
Marshall,Marshall,Marshall,Marshall,,
Morehead State,Morehead St.,Morehead State,Morehead State,,
Wake Forest,Wake Forest,Wake Forest,Wake Forest,,
Penn State,Penn St.,Penn State,Penn State,,
Ball State,Ball St.,Ball State,Ball State,,
Nevada,Nevada,Nevada,Nevada,,
Pepperdine,Pepperdine,Pepperdine,Pepperdine,,
IPFW,IPFW,IPFW,Fort Wayne(IPFW),IPFW,
Weber State,Weber St.,Weber State,Weber State,Weber State,
Towson,Towson,Towson,Towson,,
UNC Asheville,UNC Asheville,UNC Asheville,NC Asheville,NC-Asheville,
Old Dominion,Old Dominion,Old Dominion,Old Dominion,,Old Dominion
Omaha,Nebraska Omaha,Omaha,Omaha(Neb.-Omaha),,
Northeastern,Northeastern,Northeastern,Northeastern,,
Buffalo,Buffalo,Buffalo,Buffalo,,
TCU,TCU,TCU,TCU,,
Green Bay,Green Bay,Green Bay,Green Bay,,
Illinois,Illinois,Illinois,Illinois,,
High Point,High Point,High Point,High Point,High Point,
Central Michigan,Central Michigan,Cent Michigan,Central Michigan,,Central Michigan
Southern Illinois,Southern Illinois,S Illinois,Southern Illinois,,
Winthrop,Winthrop,Winthrop,Winthrop,Winthrop,
Montana,Montana,Montana,Montana,Montana,
Vermont,Vermont,Vermont,Vermont,,
Wright State,Wright St.,Wright State,Wright State,,
Middle Tennessee,Middle Tennessee,Mid Tennessee,Middle Tennessee,,
North Dakota St,North Dakota St.,North Dakota St,North Dakota State,,
Elon,Elon,Elon,Elon,,
LA Tech,Louisiana Tech,LA Tech,Louisiana Tech,Louisiana Tech,
TAMU Corpus Christi,Texas A&M Corpus Chris,Texas A&M-CC,Texas A&M-CorpusChristi,,
East Tennessee St,East Tennessee St.,ETSU,East Tennessee State(ETS,,
Coastal Carolina,Coastal Carolina,Coast Carolina,Coastal Carolina,Coastal Carolina,
Duquesne,Duquesne,Duquesne,Duquesne,,
Eastern Michigan,Eastern Michigan,E Michigan,Eastern Michigan,,
North Florida,North Florida,North Florida,North Florida(UNF),North Florida,
Northern Illinois,Northern Illinois,N Illinois,Northern Illinois,,
Wagner,Wagner,Wagner,Wagner,Wagner,
Utah State,Utah St.,Utah State,Utah State,,
Bucknell,Bucknell,Bucknell,Bucknell,Bucknell,
Detroit,Detroit,Detroit,Detroit,,
Lehigh,Lehigh,Lehigh,Lehigh,Lehigh,
Minnesota,Minnesota,Minnesota,Minnesota,,
Tennessee St,Tennessee St.,Tennessee St,Tennessee State,,
Wyoming,Wyoming,Wyoming,Wyoming,,
Texas Southern,Texas Southern,Texas Southern,Texas Southern,Texas Southern,
Murray State,Murray St.,Murray State,Murray State,,
Oral Roberts,Oral Roberts,Oral Roberts,Oral Roberts,,
Colorado State,Colorado St.,Colorado State,Colorado State,,
Furman,Furman,Furman,Furman,,
Missouri,Missouri,Missouri,Missouri,,
Fordham,Fordham,Fordham,Fordham,,
Indiana State,Indiana St.,Indiana State,Indiana State,,
Mercer,Mercer,Mercer,Mercer,,
Kent State,Kent St.,Kent State,Kent State,,
UMass,Massachusetts,UMass,Massachusetts,,
Western Kentucky,Western Kentucky,W Kentucky,Western Kentucky,,
Tennnessee Tech,Tennessee Tech,Tenn Tech,Tennessee Tech,Tennessee Tech,
Wofford,Wofford,Wofford,Wofford,,
Loyola (CHI),Loyola Chicago,Loyola (CHI),Loyola-Chicago,,
Fairfield,Fairfield,Fairfield,Fairfield,,
Auburn,Auburn,Auburn,Auburn,,
Washington St,Washington St.,Washington St,Washington State,,
Georgia State,Georgia St.,Georgia State,Georgia State,,
Eastern Washington,Eastern Washington,E Washington,Eastern Washington,,
Western Michigan,Western Michigan,W Michigan,Western Michigan,,
DePaul,DePaul,DePaul,DePaul,,
Western Carolina,Western Carolina,W Carolina,Western Carolina,,
Eastern Kentucky,Eastern Kentucky,E Kentucky,Eastern Kentucky,,
NJIT,NJIT,NJIT,NJIT(New Jersey Tech),,
Harvard,Harvard,Harvard,Harvard,,
UNC Greensboro,UNC Greensboro,UNCG,NC Greensboro,,
Sam Houston,Sam Houston St.,Sam Houston,Sam Houston State,,
UCF,UCF,UCF,Central Florida(UCF),,
Charlotte,Charlotte,Charlotte,Charlotte,,
IUPUI,IUPUI,IUPUI,IUPUI,,
Georgia Southern,Georgia Southern,Ga Southern,Georgia Southern,,
North Dakota,North Dakota,North Dakota,North Dakota,,
Rider,Rider,Rider,Rider,,
Denver,Denver,Denver,Denver,,
San Francisco,San Francisco,San Francisco,San Francisco,,
St Peter's,Saint Peter's,St Peter's,Saint Peter's,,
Navy,Navy,Navy,Navy,,
Cal Poly,Cal Poly,Cal Poly,Cal Poly-SLO,,
East Carolina,East Carolina,ECU,East Carolina,,
George Mason,George Mason,George Mason,George Mason,,
Florida Gulf Coast,Florida Gulf Coast,FGCU,Florida Gulf Coast,Florida Gulf Coast,
South Dakota,South Dakota,South Dakota,South Dakota,,
Boston U,Boston University,Boston U,Boston U.,,
Idaho,Idaho,Idaho,Idaho,,
Portland,Portland,Portland,Portland,,
Radford,Radford,Radford,Radford,,
UT Martin,Tennessee Martin,UT Martin,Tennessee-Martin,Tennessee-Martin,
FIU,FIU,FIU,Fla. International,,
UC Riverside,UC Riverside,UC Riverside,UC Riverside,,
Bowling Green,Bowling Green,Bowling Green,Bowling Green,,
Army,Army,Army,Army,Army,
Samford,Samford,Samford,Samford,,
Dartmouth,Dartmouth,Dartmouth,Dartmouth,,
Tulane,Tulane,Tulane,Tulane,,
Gardner-Webb,Gardner Webb,Gardner-Webb,Gardner-Webb,,
Canisius,Canisius,Canisius,Canisius,,
St John's,St. John's,St John's,St. John's,,
South Florida,South Florida,USF,South Florida,,
Incarnate Word,Incarnate Word,Incarnate Word,Incarnate Word,,
Loyola Marymount,Loyola Marymount,Loyola Mary,Loyola Marymount,,
UTEP,UTEP,UTEP,UTEP,,
CS Northridge,Cal St. Northridge,CS Northridge,CS Northridge,,
Texas State,Texas St.,Texas State,Texas State,,
New Hampshire,New Hampshire,UNH,New Hampshire,,
Western Illinois,Western Illinois,W Illinois,Western Illinois,,
Jackson State,Jackson St.,Jackson State,Jackson State,Jackson State,
Southern,Southern,Southern,Southern U.,Southern,
Pacific,Pacific,Pacific,Pacific,,
Missouri State,Missouri St.,Missouri State,Missouri State,,
Northern Kentucky,Northern Kentucky,N Kentucky,Northern Kentucky,,
Hampton,Hampton,Hampton,Hampton,Hampton,
Colgate,Colgate,Colgate,Colgate,,
Saint Louis,Saint Louis,Saint Louis,Saint Louis,,
Manhattan,Manhattan,Manhattan,Manhattan,,
Air Force,Air Force,Air Force,Air Force,,
Kennesaw St,Kennesaw St.,Kennesaw St,Kennesaw State,,
Santa Clara,Santa Clara,Santa Clara,Santa Clara,,
Drexel,Drexel,Drexel,Drexel,,
Portland State,Portland St.,Portland State,Portland State,,
UC Davis,UC Davis,UC Davis,UC Davis,,
Penn,Penn,Penn,Pennsylvania,,
Austin Peay,Austin Peay,Austin Peay,Austin Peay,Austin Peay,
Miami (OH),Miami OH,Miami (OH),Miami-Ohio,,
Norfolk State,Norfolk St.,Norfolk State,Norfolk State,Norfolk State,
Arkansas State,Arkansas St.,Arkansas State,Arkansas State,,
South Alabama,South Alabama,South Alabama,South Alabama,,
Mount St Mary's,Mount St. Mary's,Mt St Mary's,Mount St. Mary's,,
Montana State,Montana St.,Montana State,Montana State,,
Boston College,Boston College,Boston College,Boston College,,
Rice,Rice,Rice,Rice,,
Houston Baptist,Houston Baptist,Houston Baptist,Houston Baptist,,
Eastern Illinois,Eastern Illinois,E Illinois,Eastern Illinois,,
UMKC,UMKC,UMKC,Kansas City(UMKC),,
St Francis (NY),St. Francis NY,St Francis (BKN),St. Francis-NY,,
Jacksonville,Jacksonville,Jacksonville,Jacksonville,,
Cornell,Cornell,Cornell,Cornell,,
Idaho State,Idaho St.,Idaho State,Idaho State,,
San Jose State,San Jose St.,San Jose State,San Jose State,,
Appalachian St,Appalachian St.,Appalachian St,Appalachian State,,
Youngstown St,Youngstown St.,Youngstown St,Youngstown State,,
CS Fullerton,Cal St. Fullerton,CS Fullerton,CS Fullerton,,
Lipscomb,Lipscomb,Lipscomb,Lipscomb,,
Fairleigh Dickinson,Fairleigh Dickinson,Fair Dickinson,Fairleigh Dickinson,,
South Carolina St,South Carolina St.,S Carolina St,SC State,,
Drake,Drake,Drake,Drake,,
San Diego,San Diego,San Diego,San Diego,,
Liberty,Liberty,Liberty,Liberty,,
Troy,Troy,Troy,Troy,,
Delaware,Delaware,Delaware,Delaware,,
Sacramento St,Sacramento St.,Sacramento St,Sacramento State,,
La Salle,La Salle,La Salle,La Salle,,
Loyola (MD),Loyola MD,Loyola (MD),Loyola-Maryland,,
Brown,Brown,Brown,Brown,,
Alabama State,Alabama St.,Alabama State,Alabama State,,
Utah Valley,Utah Valley,Utah Valley,Utah Valley,,
LIU Brooklyn,LIU Brooklyn,LIU Brooklyn,Long Island U.(LIU),,
Longwood,Longwood,Longwood,Longwood,,
Sacred Heart,Sacred Heart,Sacred Heart,Sacred Heart,,
Campbell,Campbell,Campbell,Campbell,,
Marist,Marist,Marist,Marist,,
NC Central,North Carolina Central,NC Central,NC Central,,
Quinnipiac,Quinnipiac,Quinnipiac,Quinnipiac,,
Bethune-Cookman,Bethune Cookman,Bethune-Cookman,Bethune-Cookman,,
Charleston So,Charleston Southern,Charleston So,Charleston Southern,,
Seattle,Seattle,Seattle,Seattle,,
St Francis (PA),St. Francis PA,St Francis (PA),Saint Francis-Pa.,,
Cleveland State,Cleveland St.,Cleveland State,Cleveland State,,
Alcorn State,Alcorn St.,Alcorn State,Alcorn State,,
North Texas,North Texas,North Texas,North Texas,,
Alabama A&M,Alabama A&M,Alabama A&M,Alabama A&M,,
Stetson,Stetson,Stetson,Stetson,,
Morgan State,Morgan St.,Morgan State,Morgan State,,
Jacksonville St,Jacksonville St.,Jacksonville St,Jacksonville State,,
Florida Atlantic,Florida Atlantic,FAU,Florida Atlantic,,
Central Arkansas,Central Arkansas,Cent Arkansas,Central Arkansas,,
Robert Morris,Robert Morris,Robert Morris,Robert Morris,,
Rutgers,Rutgers,Rutgers,Rutgers,,
VMI,VMI,VMI,VMI,,
Savannah State,Savannah St.,Savannah State,Savannah State,,
SE Louisiana,Southeastern Louisiana,SE Louisiana,SE Louisiana,,
New Orleans,New Orleans,New Orleans,New Orleans,,
UMass Lowell,UMass Lowell,UMass Lowell,UMass Lowell,,
The Citadel,The Citadel,The Citadel,The Citadel,,
Lamar,Lamar,Lamar,Lamar,,
Abiline Christian,Abilene Christian,Abil Christian,Abilene Christian,,
American,American,American U,American U.,,
USC Upstate,USC Upstate,USC Upstate,USC Upstate,,
Holy Cross,Holy Cross,Holy Cross,Holy Cross,Holy Cross,
Southern Miss,Southern Miss,Southern Miss,Southern Miss,,
MD Eastern Shore,Maryland Eastern Shore,MD-E Shore,Md.-Eastern Shore(UMES),,
Northwestern St,Northwestern St.,Northwestern St,Northwestern State,,
Niagara,Niagara,Niagara,Niagara,,
N Colorado,Northern Colorado,N Colorado,Northern Colorado,,
SIU ED,SIU Edwardsville,SIU ED,SIU-Edwardsville,,
Lafayette,Lafayette,Lafayette,Lafayette,,
Binghamton,Binghamton,Binghamton,Binghamton-NY,,
Presbyterian,Presbyterian,Presbyterian,Presbyterian College,,
Howard,Howard,Howard,Howard,,
Coppin State,Coppin St.,Coppin State,Coppin State,,
Hartford,Hartford,Hartford,Hartford,,
UMBC,UMBC,UMBC,UMBC,,
UIC,Illinois Chicago,UIC,Illinois-Chicago,,
UTSA,UTSA,UTSA,UTSA,,
Maine,Maine,Maine,Maine,,
NC A&T,North Carolina A&T,NC A&T,NC A&T,,
McNeese State,McNeese St.,McNeese State,McNeese State,,
Bradley,Bradley,Bradley,Bradley,,
Nicholls State,Nicholls St.,Nicholls State,Nicholls State,,
N Arizona,Northern Arizona,N Arizona,Northern Arizona,,
SE Missouri St,Southeast Missouri St.,SE Missouri St,SE Missouri State(SEMO),,
Southern Utah,Southern Utah,Southern Utah,Southern Utah,,
Mississippi Valley St,Mississippi Valley St.,Miss Valley St,MVSU(Miss. Valley St.),,
Chicago State,Chicago St.,Chicago State,Chicago State,,
Prarie View A&M,Prairie View A&M,PV A&M,Prairie View A&M,,
Bryant,Bryant,Bryant,Bryant,,
UT Rio Grande,UT Rio Grande Valley,UT Rio Grande,UTRGV,,
AR Pine Bluff,Arkansas Pine Bluff,AR-Pine Bluff,Ark.-Pine Bluff,,
Delaware State,Delaware St.,Delaware State,Delaware State,,
Grambling St,Grambling St.,Grambling St,Grambling State,,
Florida A&M,Florida A&M,Florida A&M,Florida A&M,,
Central Connecticut St,Central Connecticut,Cent Conn St,Central Connecticut St.,,
